first,last,age,domain,email
Lucille,Rose,58,bopumte.af,luojadon@bu.ve
Johnny,Wade,23,juos.mn,hif@cefif.bn
Susie,Nichols,55,nisvacsiz.mc,ri@co.nr
Travis,Hall,29,wamof.cd,kev@puap.uz
Stanley,Shaw,65,gejuci.ax,vew@oroajla.mr
Maggie,Clarke,42,cier.kh,ojjupib@lejboziv.dj
Eliza,Morris,27,remav.ag,eboro@haveffi.nf
Marc,Boyd,45,amati.ck,agelkaf@upohima.pe
Lewis,Moreno,37,dunwaw.sn,pigcasvu@luole.gu
Rosie,Doyle,39,zuvfesal.ls,lo@najirre.nl
Rosie,Jefferson,41,os.nf,lisha@conef.it
Lillie,Weber,44,bodor.is,oke@fimipnew.sd
Don,Luna,64,be.ck,kodif@ile.de
Mina,Cruz,23,eg.pw,ko@limsuuz.mr
Della,Marsh,21,gal.dj,dezjih@cuf.vu
Ola,Lowe,19,doczawuf.gy,sanronu@sudasmec.es
Andre,Jenkins,33,ji.ad,fuda@iccob.uz
Charlotte,Copeland,44,manom.lc,towliznu@evurilda.ai
Gary,Bates,63,diij.sl,hucki@vezo.cm
Iva,Welch,53,farbi.cm,vezujov@hovozwiw.jm
Brett,Ortiz,40,haso.bj,guwezi@hiv.bn
Jesus,Howell,52,nov.ve,gubehe@ap.ac
Dollie,Snyder,18,mik.id,jojin@muat.cv
Gilbert,Mendez,35,hufsu.ch,vosope@wok.gov
Victor,Santos,22,lenor.edu,afu@sohfona.ms
Beatrice,Reese,54,zo.an,arikekoh@mofibdaw.sx
Lydia,Burton,46,kijbikem.kn,no@uj.sd
Aiden,Gregory,21,rul.nl,omufesem@uzesacciz.ls
Marvin,Carpenter,39,afla.ua,igom@lobgaig.no
Clifford,Shaw,56,vecibsa.sb,faz@ume.co
Kenneth,Wilkerson,46,tek.gt,zaz@wobardo.np
Owen,Day,54,ha.ve,tokicru@vaeji.pk
Phillip,Morales,60,ne.cm,ubigo@je.mm
Dean,Reyes,34,nati.ro,mekve@idojbem.pa
Leonard,Walters,19,digok.ga,tupgi@cigu.pf
Nathan,Porter,50,huh.ao,nenijjed@magojes.mn
Jayden,Phillips,41,gufe.mt,piog@uhug.pn
Jerry,Ward,52,doro.et,lu@largukdaf.gy
Alma,Johnston,41,obmagehe.sj,uf@nezem.bt
Steve,Brady,24,got.md,gurowbe@catok.pt
Clyde,Hernandez,29,vuhiset.al,fusdub@ejonugod.sl
Lura,Curtis,24,uzi.ni,ihuvekozo@tutevut.pw
Bernard,Hicks,53,le.ae,ogapavo@fah.tg
Betty,Wright,37,gasuk.gq,eheudu@kus.bq
Clyde,Weaver,56,maguos.mw,wud@lo.ba
Howard,Buchanan,59,viwrebiw.com,dun@wowosja.se
Bertha,Page,58,kahha.lb,kaub@puh.tw
Jennie,Norman,41,woj.bf,uhinuej@caezi.tg
Joshua,Adkins,18,kocev.py,zutisron@sojlip.ls
Harry,Olson,34,folecro.il,finemod@ukuhe.lb
Milton,Reed,46,ada.as,tuk@cebahenut.sj
Thomas,Wilson,28,je.dj,haog@afikounu.gr
Nicholas,Castillo,39,at.ru,no@jevu.kw
Ryan,Weaver,33,lojwep.sv,nez@junir.sa
Kenneth,Wilkins,57,teuvo.gf,hagfefpuk@setle.bv
Jonathan,Soto,38,vidazu.ch,kob@datgu.hk
Maggie,Tran,55,uvzumid.es,efagoj@ag.it
Lina,Becker,51,kebjan.co.uk,kamripke@emiavu.ba
Vernon,Love,64,be.cc,feutuno@nuwacluj.sr
Bernard,Rodriquez,28,van.kh,ce@ijde.nr
Lulu,Hill,20,sogeh.tp,futokro@enumenzis.mu
Elizabeth,Love,39,te.tr,giv@fic.so
Etta,Owen,28,visarze.gm,rofkidles@fele.ac
Pauline,Rodgers,44,hokew.sc,nirsak@badlirraf.hm
Jesus,Roberson,48,bejuzpup.bn,regtufa@gojopro.dz
Bertha,Harris,60,neev.cc,aku@ba.nz
Eva,Hamilton,47,racu.bm,akoh@jufve.mn
Lena,Owen,36,ugecaj.ax,noowucac@uhze.lv
Joshua,Parsons,37,vo.id,he@ub.is
Florence,Gomez,19,rofkalon.fr,zudgapuc@painavam.bn
Belle,Beck,40,iva.to,kiwkejziv@bi.de
Samuel,Sandoval,64,wef.kh,kicat@was.an
Sara,Davidson,20,mem.mu,les@obawewnoc.ua
Jordan,Roberson,33,ozoagafo.id,cewac@lunewico.fm
Lela,Anderson,25,devihoto.va,tusma@dencalog.wf
Eugenia,Garcia,21,eveul.az,iwbono@nem.cx
Max,Thomas,42,niwtezhiv.gf,honse@muruwsob.br
Alma,Tucker,53,ihokisa.lk,sa@arvi.hr
Danny,Robinson,45,ven.az,na@dochipfiz.ci
Dora,Hart,51,bihhe.mo,wuuw@uf.mx
Barbara,Flores,37,gi.nu,ekokiv@asociuto.ba
Lena,Figueroa,37,bof.zw,zoz@miigu.us
Cameron,Dixon,28,fedmu.dk,fammo@zurwe.it
Vera,Gill,54,ciba.vu,kufaztuj@re.pe
Douglas,Wade,27,hep.mp,rut@fout.bn
Mark,Gregory,24,so.dz,sij@izwibnag.et
Leona,Holland,29,coewouza.bz,rahnukci@helodu.br
Andrew,Barnes,46,hibihbop.pe,cidag@wud.la
Rodney,Munoz,39,ci.my,ih@oniak.bt
Mildred,Mendez,29,fulod.sh,aveheji@kuhwibpo.fi
Leon,Sparks,32,ujzo.mq,zijepa@mifcik.af
Isabella,Mills,58,rojci.sn,jud@pulehpa.sv
Kenneth,Lambert,37,jucokhu.lk,kobilomoh@lozusep.si
Winifred,Murphy,52,fevenfi.cv,vaatorar@gur.mn
Ricardo,Phillips,56,mogo.la,komsuzen@kinul.ga
Clyde,Hopkins,19,gu.dz,simi@odi.me
Brent,Lindsey,51,ecarol.tt,tibilu@ej.pa
Rhoda,Jordan,18,vumhi.th,dosidwoh@fu.vn
Emily,Valdez,48,baohzoc.er,davmu@vermugdi.fk
Florence,Buchanan,31,vi.me,omo@si.gp
