Teresa,Sims,20,me.kr,vahiwe@kom.am
Travis,Bryant,18,tegjuwob.hu,ibaso@ulhepu.nf
Gavin,Fleming,19,lelowes.my,viz@po.ck
Ola,Lowe,19,doczawuf.gy,sanronu@sudasmec.es
Dollie,Snyder,18,mik.id,jojin@muat.cv
Steve,Colon,20,ki.ht,ekunabi@egurenan.sb
Gregory,Watts,18,palce.lt,masliepu@azu.jm
Leonard,Walters,19,digok.ga,tupgi@cigu.pf
Winnie,Weaver,18,joksej.eu,hikojdid@guztatheg.ps
Joshua,Adkins,18,kocev.py,zutisron@sojlip.ls
Lulu,Hill,20,sogeh.tp,futokro@enumenzis.mu
Florence,Gomez,19,rofkalon.fr,zudgapuc@painavam.bn
Madge,Schwartz,20,ve.mh,waalup@hapam.pe
Sara,Davidson,20,mem.mu,les@obawewnoc.ua
Lettie,Peters,20,gah.fj,for@dib.vi
Ora,Porter,19,gebjuw.gg,rafi@wodig.gl
Beatrice,Lucas,19,madgir.sz,sa@zos.tz
Allie,Morton,20,tidwe.it,namwome@owu.ne
Lucinda,Ruiz,18,diz.be,nup@zejenipi.fj
Martha,Schneider,18,seru.la,pu@ri.gn
Hilda,Burgess,18,peevu.uz,zomisu@co.tg
Clyde,Hopkins,19,gu.dz,simi@odi.me
Rhoda,Jordan,18,vumhi.th,dosidwoh@fu.vn
Eric,Hill,18,su.pn,idoso@gulo.as
Beulah,Bass,18,li.bv,eneluhja@unucitoge.su
